"","lnBMR","lnMass","lnMass2","lnGS","endo"
"Ornithorhynchus_anatinus",6.33020297036308,6.5410299991899,42.7850734503022,1.11841491596429,1
"Tachyglossus_aculeatus",6.98006947148018,8.04667089324604,64.748912464213,1.06125650212434,1
"Zaglossus_bruijni",7.93081892285852,9.23989917421773,85.3757367497095,NA,1
"Cyclopes_didactylus",5.72989326664574,5.48063892334199,30.0374030080512,NA,1
"Myrmecophaga_tridactyla",8.82045589308327,10.3287552879405,106.683185798159,1.46325540225602,1
"Tamandua_mexicana",7.81193750284693,8.28828304520769,68.6956358374773,NA,1
"Tamandua_tetradactyla",7.82693565460944,8.1605182474775,66.5940580674132,1.41342302850814,1
"Choloepus_hoffmanni",7.49331339389919,8.23483028044206,67.8124297476854,NA,1
"Bradypus_variegatus",7.52035909724785,8.24012129807647,67.8995990070134,1.44220199305819,1
"Priodontes_maximus",9.04870572113203,10.7186311024053,114.88905270945,1.49738840862548,1
"Tolypeutes_matacus",6.33641016778164,7.05617528410041,49.7896096399495,NA,1
"Cabassous_centralis",7.85402662427834,8.37332282099653,70.1125350646213,1.38128181929635,1
"Euphractus_sexcinctus",8.19680475817316,9.01066917684711,81.1921590145826,1.42551507427317,1
"Zaedyus_pichiy",7.12311140912614,7.46164039220858,55.6760773426386,1.43746264769429,1
"Chaetophractus_vellerosus",6.81582545824684,7.01211529430638,49.1697609006454,1.49514876603197,1
"Chaetophractus_villosus",7.83621487699457,8.42068229103539,70.907890246557,1.43031124653666,1
"Chaetophractus_nationi",7.49637377345767,7.67322312112171,58.8783530665168,NA,1
"Dasypus_novemcinctus",7.86126233794565,8.16337131645991,66.6406312504004,1.68824909285839,1
"Procavia_capensis",8.13682103869008,7.80708856739837,60.9506318992023,1.40118297361364,1
"Heterohyrax_brucei",7.83519055744074,7.60090245954208,57.7737181994728,NA,1
"Orycteropus_afer",9.82151558181264,10.77895628989,116.185898699359,1.76900248210544,1
"Geogale_aurita",2.87284050006748,1.93152141160321,3.73077496348166,NA,1
"Microgale_cowani",4.45410340090976,2.50143595173921,6.25718182065345,NA,1
"Microgale_dobsoni",4.86785129750777,3.79773385902602,14.4227824639927,NA,1
"Microgale_talazaci",4.60212970122203,3.78418963391826,14.3200911854544,NA,1
"Tenrec_ecaudatus",5.86201512336417,6.47697236288968,41.9511709896367,NA,1
"Setifer_setosus",5.73423516644245,6.27287700654617,39.3489859392556,1.61541998411165,1
"Chrysochloris_asiatica",4.99971099021588,3.78418963391826,14.3200911854544,1.84371920815877,1
"Macroscelides_proboscideus",5.17867809394343,3.66356164612965,13.4216839349922,NA,1
"Elephantulus_brachyrhynchus",5.0902910359155,3.81330703248899,14.54131052403,NA,1
"Elephantulus_myurus",5.46161953669113,4.14265842250065,17.1616188055156,NA,1
"Elephantulus_rufescens",5.33929875577479,3.97029191355212,15.7632178788174,NA,1
"Elephantulus_rozeti",5.14859307010813,3.81352775867905,14.5429939662157,NA,1
"Elephantulus_intufi",5.24268414798007,3.83923723570249,14.7397425520045,NA,1
"Elephantulus_edwardii",5.31799189427308,3.91202300542815,15.3039239949991,1.78842056796254,1
"Petrodromus_tetradactylus",6.50301146240434,5.32841000685521,28.3919532011547,NA,1
"Cynopterus_brachyotis",5.10242935106256,3.62167070442049,13.1164986912576,NA,1
"Macroglossus_minimus",4.13807629070551,2.76631910922619,7.65252141406998,0.693147180559945,1
"Syconycteris_australis",4.28307086357736,2.76631910922619,7.65252141406998,NA,1
"Dobsonia_moluccensis",7.17086346895417,6.00215717664673,36.0258907731718,0.802001585472027,1
"Dobsonia_minor",5.55115558186101,4.30000279919529,18.4900240730873,NA,1
"Dobsonia_praedatrix",6.24370567893336,5.19017520792833,26.9379186889939,NA,1
"Eonycteris_spelaea",4.93333965789396,3.94352167248752,15.5513631813788,0.802001585472027,1
"Rousettus_amplexicaudatus",5.88897100202869,4.51633897228148,20.3973177125485,0.828551817566148,1
"Pteropus_poliocephalus",7.00028590671884,6.39359075395063,40.878002729003,0.841567185678219,1
"Pteropus_hypomelanus",6.85478208723314,6.25536609089436,39.129604931111,0.845868267577609,1
"Pteropus_pumilus",6.05261645579533,5.26888855585722,27.7611866140432,0.841567185678219,1
"Pteropus_rodricensis",6.14623340323567,5.53930083599058,30.6838537516059,0.802001585472027,1
"Pteropus_vampyrus",7.95988431954303,6.93176473144249,48.04936229207,0.86288995514704,1
"Pteropus_giganteus",6.92823115299547,6.33185765847243,40.092421407156,0.78845736036427,1
"Pteropus_scapulatus",6.76843111453384,5.89164421182577,34.7114715187401,NA,1
"Melonycteris_melanops",4.8952689873595,3.9759363311718,15.8080697095319,NA,1
"Nyctimene_albiventer",4.50575664422668,3.4307561839037,11.7700879933935,NA,1
"Nyctimene_major",4.00502803224771,2.61006979274201,6.81246432298432,NA,1
"Nyctimene_cyclotis",5.37423418083738,3.6988297849671,13.6813417781598,NA,1
"Nyctophilus_geoffroyi",3.30290223977826,2.07944154167984,4.32407712526383,NA,1
"Miniopterus_australis",5.72425554631817,4.6746962486367,21.852785017018,NA,1
"Pteronotus_parnellii",4.65948679540064,2.95491027903374,8.73149475713926,0.946496573931222,1
"Pteronotus_personatus",4.44646838483367,2.63905732961526,6.96462358899603,0.932164081030445,1
"Pteronotus_quadridens",2.65514777069525,1.58923520511658,2.52566853718194,NA,1
"Pteronotus_davyi",4.13364357168542,2.24070968927596,5.02077991161517,0.824175442966349,1
"Noctilio_leporinus",5.30694128018224,4.11087386417331,16.8992839271432,0.916290731874155,1
"Noctilio_albiventris",4.36921210074861,3.29583686600433,10.8625406473132,0.824175442966349,1
"Rhinophylla_pumilio",4.03694596713188,2.2512917986065,5.06831476247289,NA,1
"Carollia_perspicillata",4.99719060219693,2.70136121295141,7.29735240283831,1.03673688495002,1
"Sturnira_lilium",5.20895078129609,3.08648663682246,9.52639975928362,0.979578471110072,1
"Artibeus_concolor",4.83958976569979,2.98061863574394,8.88408745174407,NA,1
"Artibeus_lituratus",5.98025358904019,4.24992279404054,18.0618437553053,0.968883181993326,1
"Platyrrhinus_lineatus",5.03889931709395,3.08648663682246,9.52639975928362,NA,1
"Uroderma_bilobatum",4.59434492946322,2.78501124223834,7.75628761939394,0.934130650002486,1
"Chrotopterus_auritus",6.24211003094085,4.56538931597625,20.8427796064301,0.928219302739429,1
"Tonatia_bidens",5.28594220477021,3.31054301339402,10.959695043532,0.837247524533702,1
"Phyllostomus_discolor",4.97471922792304,3.51154543883102,12.3309513689749,0.936093359170335,1
"Phyllostomus_hastatus",5.71985792365468,4.43319492124828,19.6532172097815,0.963174317773006,1
"Erophylla_sezekorni",3.79050093772935,2.77881927199042,7.72183654638537,NA,1
"Anoura_caudifer",4.99507855201051,2.4423470353692,5.96505904117672,NA,1
"Monophyllus_redmani",3.47232175057813,2.16332302566054,4.67996651335307,NA,1
"Leptonycteris_curasoae",4.96874603002404,3.09104245335832,9.55454344846342,NA,1
"Glossophaga_soricina",4.55040231474065,2.26176309847379,5.11557231361776,0.968250470804865,1
"Macrotus_californicus",3.81704506118926,2.45958884180371,6.04957727072532,NA,1
"Diphylla_ecaudata",4.60001734673204,3.32503602069659,11.0558645389298,NA,1
"Desmodus_rotundus",4.68082178089355,3.38099467434464,11.4311249879468,0.926241062727323,1
"Diaemus_youngi",4.47000190143555,3.60004824040732,12.9603473332598,NA,1
"Mormoops_blainvillei",2.99556299635924,2.15176220325946,4.63008057937601,NA,1
"Mormoops_megalophylla",4.46556314867148,2.80336038090653,7.8588294252364,1.04027671165515,1
"Tadarida_brasiliensis",4.21565494877181,2.82731362192903,7.99370231674545,1.07840958135059,1
"Molossus_molossus",3.98418203305206,2.74727091425549,7.5474974763142,0.879626747502564,1
"Eumops_perotis",4.64316325220405,4.02535169073515,16.2034562341043,0.995101912298445,1
"Peropteryx_macrotis",3.53775001417325,1.6094379124341,2.59029039398023,NA,1
"Saccopteryx_bilineata",3.84492452172323,2.05412373369555,4.21942431333135,1.15057202759882,1
"Chalinolobus_gouldii",4.07699502824943,2.86220088092947,8.19219388279343,0.828551817566148,1
"Eptesicus_fuscus",4.2409727567561,2.34180580614733,5.48405443370535,0.847297860387202,1
"Natalus_tumidirostris",3.04921549995099,1.68639895357023,2.84394143060277,NA,1
"Histiotus_velatus",3.5581719990037,2.41591377830105,5.83663938418486,NA,1
"Rhinonicteris_aurantia",3.9987439563606,2.1126345090356,4.46322456876809,NA,1
"Hipposideros_galeritus",3.14440929727045,2.14006616349627,4.57988318414164,NA,1
"Macroderma_gigas",6.21260133935123,4.99721227376411,24.9721305090587,NA,1
"Paranyctimene_raptor",4.24632052844134,3.16124671203156,9.99348077433035,NA,1
"Manis_pentadactyla",7.52339122650983,8.19905191147975,67.2244522471397,NA,1
"Manis_tetradactyla",6.42359061030362,7.26542972325395,52.786469063542,NA,1
"Manis_crassicaudata",8.14226488132153,9.67470312133183,93.5998804859079,NA,1
"Manis_tricuspis",6.57949564522452,7.21890970761906,52.1126573667567,NA,1
"Manis_javanica",7.94653788326186,8.34759040703006,69.6822656035403,NA,1
"Cerdocyon_thous",8.69145638600892,8.60226936377136,73.9990382068793,NA,1
"Vulpes_velox",8.13605436758693,7.47816969415979,55.9230219746499,NA,1
"Vulpes_vulpes",9.19790448943258,8.39840965542627,70.5332847403572,1.04731899428056,1
"Vulpes_lagopus",8.61578676980256,8.1886891244442,67.0546295767907,NA,1
"Vulpes_zerda",7.77288404828524,7.10249935577465,50.4454970987793,NA,1
"Canis_latrans",9.17328391867547,9.21034037197618,84.8303697676543,1.03673688495002,1
"Canis_mesomelas",9.60647368662542,8.95156964301882,80.1305990738161,NA,1
"Spilogale_putorius",6.93318897696011,6.43615036836943,41.4240315642619,NA,1
"Ailurus_fulgens",8.09768832432779,8.65521448931361,74.9127378560242,NA,1
"Taxidea_taxus",9.24905827615896,9.10497985631836,82.9006581839631,NA,1
"Eira_barbara",8.48390983362395,7.98956044933387,63.83307617356,NA,1
"Martes_americana",7.73291601862394,6.80239476332431,46.272574516102,NA,1
"Lutra_lutra",9.76975775286862,9.21034037197618,84.8303697676543,NA,1
"Mustela_frenata",6.90142422478465,5.41610040220442,29.3341435667589,NA,1
"Mustela_erminea",6.56631394581258,4.31748811353631,18.6407036105273,NA,1
"Potos_flavus",7.89056103191339,7.75931547128436,60.2069765829128,NA,1
"Procyon_lotor",8.72495038792002,8.53208180390999,72.796419908612,1.04731899428056,1
"Bassariscus_sumichrasti",7.85577170809101,7.15461535691366,51.1885209053848,NA,1
"Nasua_narica",8.48655470985211,8.20794694104862,67.3703929870694,NA,1
"Nasua_nasua",8.13429599440605,8.29404964010203,68.7912594324766,NA,1
"Nandinia_binotata",8.06551540148209,8.35936910622267,69.87905185407,NA,1
"Arctictis_binturong",8.9899731175759,9.56661523589358,91.5201270716312,NA,1
"Arctogalidia_trivirgata",7.53521137835878,7.60589000105312,57.8495627081198,NA,1
"Paradoxurus_hermaphroditus",7.8714289561969,8.05832730658096,64.9366389799883,NA,1
"Acinonyx_jubatus",10.5213622894761,10.5427063910705,111.148658048319,0.940007258491471,1
"Puma_concolor",10.4070256374391,10.5240640402612,110.755923923519,NA,1
"Herpailurus_yaguarondi",8.83615345568801,9.03598698483141,81.6490607900426,NA,1
"Leopardus_wiedii",8.19094793080018,8.1886891244442,67.0546295767907,NA,1
"Leopardus_pardalis",9.39565669983303,9.25913053614561,85.7314982853841,NA,1
"Leptailurus_serval",9.29278560136047,9.22029070282935,85.0137606446814,NA,1
"Panthera_leo",11.0792521034689,11.4927227576527,132.082676384268,1.22082992139236,1
"Panthera_tigris",11.3982988973961,11.8342840637814,140.05027930227,1.00338543872509,1
"Proteles_cristatus",8.928191255163,8.99961934066053,80.9931482767911,NA,1
"Suricata_suricatta",6.96481930758631,6.74523634948436,45.4982134104051,NA,1
"Herpestes_javanicus",7.47111853770708,6.4150969591716,41.1534689955727,NA,1
"Galerella_sanguinea",7.41446412861849,6.29156913955832,39.5838422378426,NA,1
"Fossa_fossana",8.15031927089128,7.72312009226633,59.6465839595679,NA,1
"Condylura_cristata",6.02961353323027,3.89182029811063,15.1462652327859,NA,1
"Neurotrichus_gibbsii",5.21551894422837,2.46809953147162,6.09151529725043,NA,1
"Scalopus_aquaticus",5.4208104853468,3.87120101090789,14.9861972668543,NA,1
"Atelerix_albiventris",6.14927625487017,6.10924758276437,37.3229060275123,NA,1
"Hemiechinus_auritus",6.06790217158159,5.99146454710798,35.8976474192518,NA,1
"Erinaceus_concolor",6.99853294585618,6.71259161417488,45.0588861786909,NA,1
"Erinaceus_europaeus",6.88370415729865,6.62007320653036,43.8253692598212,1.29746314741327,1
"Paraechinus_aethiopicus",5.79884107365921,6.10924758276437,37.3229060275123,NA,1
"Hylomys_suillus",5.39475786740572,4.05698877567833,16.45915792598,NA,1
"Echinosorex_gymnura",7.45168307553365,6.58091649132916,43.3084618658481,NA,1
"Muscardinus_avellanarius",5.33453270122624,3.15700042115011,9.96665165914197,NA,1
"Glis_glis",6.38945805193028,5.29831736654804,28.0721669166646,NA,1
"Aplodontia_rufa",6.97279049148229,6.44571981938558,41.5473039900201,NA,1
"Funisciurus_congicus",5.99629159227919,4.7211738617444,22.2894826328185,NA,1
"Paraxerus_cepapi",6.4023667132512,5.40985874128094,29.2665716006138,NA,1
"Paraxerus_palliatus",6.5700620903478,5.32787616878958,28.3862644699559,NA,1
"Tamias_minimus",5.56402117336475,3.82428409112014,14.6251488095946,NA,1
"Tamias_merriami",5.64354274701094,4.31748811353631,18.6407036105273,NA,1
"Tamias_amoenus",5.84442744554683,4.04480411666196,16.3604403421655,NA,1
"Tamias_striatus",5.85868409738643,4.47049528266149,19.9853280722986,NA,1
"Ammospermophilus_leucurus",5.85475348793028,4.56121829845891,20.8047123661964,NA,1
"Xerospermophilus_tereticaudus",5.76561684530703,5.11799381241676,26.1938606639362,NA,1
"Xerospermophilus_spilosoma",5.73972270852527,5.15905529921453,26.6158515803535,NA,1
"Cynomys_ludovicianus",7.30254101494471,7.01418522259798,49.1987943369119,NA,1
"Urocitellus_townsendi",5.8327942263857,5.43372200355424,29.5253348119095,NA,1
"Urocitellus_undulatus",7.85096120291992,6.52209279817015,42.5376944679429,NA,1
"Urocitellus_beldingi",6.01645653810722,5.71373280550937,32.646742572754,NA,1
"Urocitellus_armatus",6.17873548036276,5.76832099579377,33.2735271105152,NA,1
"Urocitellus_parryii",7.53109328088067,6.47697236288968,41.9511709896367,NA,1
"Urocitellus_richardsonii",6.04579730501548,5.61312810638807,31.5072071387237,NA,1
"Spermophilus_citellus",6.74206044233675,5.48063892334199,30.0374030080512,NA,1
"Marmota_monax",7.77328804602894,7.88231491898027,62.1308884819789,NA,1
"Marmota_flaviventris",8.58525522690834,8.36520683441836,69.9766853825997,NA,1
"Otospermophilus_beecheyi",7.08117631574654,6.39626276622844,40.9121773746403,NA,1
"Callospermophilus_lateralis",6.19307945630874,5.46806014113513,29.8996817070707,NA,1
"Xerus_princeps",7.149119090077,6.40025744530882,40.963295366231,NA,1
"Xerus_inauris",7.05082047460977,6.29526600143965,39.630374028882,NA,1
"Glaucomys_volans",5.62995632377315,4.16278172377533,17.3287516797979,NA,1
"Sciurus_carolinensis",7.30975317452946,6.08677472691231,37.0488265761784,1.57277392806251,1
"Tamiasciurus_hudsonicus",6.93333408772393,5.43066055353575,29.4920740477292,NA,1
"Hystrix_africaeaustralis",9.07631273958184,9.33255800470043,87.0966389110981,NA,1
"Heterocephalus_glaber",3.94315400985972,3.46573590279973,12.0113253479551,1.06471073699243,1
"Heliophobius_argenteocinereus",5.45632219962966,4.47733681447821,20.0465449502819,1.11514159061932,1
"Cryptomys_hottentotus",5.14628697519485,4.37575702166029,19.1472495126093,1.22377543162212,1
"Georychus_capensis",5.98527961469455,5.27299955856375,27.8045243446135,NA,1
"Bathyergus_suillus",6.87224320870441,6.42971947803914,41.3412925662759,1.06471073699243,1
"Bathyergus_janetta",6.48418458244872,6.00635315960173,36.0762782778577,NA,1
"Fukomys_damarensis",5.51382606363108,4.92725368515721,24.2778288778953,NA,1
"Fukomys_mechowii",6.13856168162033,5.58724865840025,31.2173475707954,NA,1
"Fukomys_bocagei",5.28258439845935,4.54329478227,20.6415274786018,NA,1
"Coendou_prehensilis",8.07857237099594,8.09559870137819,65.5387183337562,NA,1
"Dolichotis_salinicola",7.9636509537377,7.38585107812521,54.5507961482433,1.34807314829969,1
"Kerodon_rupestris",7.24964596683678,6.68586094706836,44.7007366035338,NA,1
"Galea_musteloides",6.87449748172042,5.77455154554441,33.3454455521493,1.37371557891303,1
"Cavia_porcellus",7.26482321088611,6.44413125670044,41.5268276535836,1.34416943481922,1
"Dasyprocta_leporina",8.72067771013288,7.89618060861549,62.3496682038753,NA,1
"Dasyprocta_azarae",8.85492827657571,8.25556865328375,68.1544137890813,NA,1
"Myoprocta_acouchy",7.38304485562463,6.81783057145415,46.4828137010548,NA,1
"Cuniculus_paca",9.20965019092048,9.12216468107246,83.2138884686058,NA,1
"Ctenomys_opimus",5.90376913733001,5.36597601502185,28.7936985937898,1.27722326606553,1
"Ctenomys_fulvus",6.46205257368087,5.7037824746562,32.5331345181952,NA,1
"Ctenomys_maulinus",6.45194879190127,5.37063802812766,28.843752829171,NA,1
"Ctenomys_talarum",5.91023954674016,4.79579054559674,22.9996069572351,NA,1
"Ctenomys_australis",6.05746916436812,5.82894561761021,33.9766070130573,NA,1
"Ctenomys_peruanus",6.54458899151432,6.19440539110467,38.3706581493466,NA,1
"Tympanoctomys_barrerae",5.52981530658745,4.26829786934554,18.2183667014597,2.12823170584927,1
"Octomys_mimax",6.00123662450955,4.77575648656363,22.8078500189546,1.3609765531356,1
"Octodontomys_gliroides",6.16436293480414,5.02388052084628,25.2393754877387,1.41098697371026,1
"Spalacopus_cyanus",5.90909476557836,4.90527477843843,24.0617206519842,1.35325450704169,1
"Aconaemys_fuscus",6.09400829100533,4.71849887129509,22.264231598413,1.32175583998232,1
"Octodon_degus",6.45702389472173,5.26249586950796,27.6938627765883,1.46093790411566,1
"Thrichomys_apereoides",6.6510596592916,5.77765232322266,33.3812663680402,NA,1
"Proechimys_semispinosus",7.08943014549715,6.21060007702465,38.5715533167386,1.34807314829969,1
"Capromys_pilorides",7.58961955121865,7.87473912517181,62.0115162895117,NA,1
"Lagostomus_maximus",8.81239827947112,8.82232217747174,77.8333686031097,1.19392246847243,1
"Chinchilla_lanigera",6.4838732629869,6.05443934626937,36.6562357976547,NA,1
"Pedetes_capensis",7.87532348200223,7.74066440191724,59.9178853831088,NA,1
"Napaeozapus_insignis",4.95609358756563,3.09104245335832,9.55454344846342,NA,1
"Zapus_hudsonius",4.8736990673597,3.16968558067743,10.0469066803544,NA,1
"Dipus_sagitta",6.06011311968919,5.07517381523383,25.7573892548351,NA,1
"Jaculus_orientalis",6.21173984128377,4.93447393313069,24.3490329967463,NA,1
"Jaculus_jaculus",5.83367719797212,4.31748811353631,18.6407036105273,NA,1
"Nannospalax_ehrenbergi",5.90354714777367,4.92725368515721,24.2778288778953,NA,1
"Nannospalax_leucodon",6.22964134341837,5.30330490805908,28.1250429478435,NA,1
"Cannomys_badius",6.35351424686228,5.8406416573734,34.1130949698455,NA,1
"Tachyoryctes_splendens",6.21542103656133,5.25227342804663,27.5863761629647,NA,1
"Mystromys_albicaudatus",5.83203161556337,4.54095161366144,20.6202415576144,NA,1
"Steatomys_pratensis",4.00162638562701,3.62540703115836,13.1435761415725,NA,1
"Malacothrix_typica",4.30328343546406,3.07731226054641,9.46985074890926,NA,1
"Saccostomus_campestris",5.093709495607,4.11577984294217,16.9396437155691,NA,1
"Cricetomys_gambianus",8.21679005722521,7.53369370984863,56.7565409138128,NA,1
"Phodopus_sungorus",4.92338998221589,3.24649099190117,10.5397037604954,NA,1
"Mesocricetus_auratus",6.34553746942568,4.58496747867057,21.0219267804668,1.26176990305215,1
"Cricetus_cricetus",6.89873856887362,5.89164421182577,34.7114715187401,1.25419052048655,1
"Cricetulus_migratorius",5.13704198151191,3.42426265459315,11.7255747276413,NA,1
"Lemmiscus_curtatus",5.20232899410843,3.41114771251532,11.6359287165985,NA,1
"Arborimus_longicaudus",5.37371012137943,3.08190996979504,9.49816906192206,NA,1
"Lasiopodomys_brandtii",5.56127579630474,3.69386699562498,13.6446533813675,NA,1
"Microtus_longicaudus",5.56048618221245,3.35340671782581,11.2453366151593,NA,1
"Microtus_agrestis",5.47240466294995,3.3322045101752,11.1035868976319,1.22964055107451,1
"Microtus_mexicanus",5.18994843226109,3.3603753871419,11.2921227425091,NA,1
"Microtus_ochrogaster",5.71378944530487,3.84374416467485,14.774369203472,NA,1
"Microtus_breweri",5.6000290539646,3.97217692824789,15.7781895493048,NA,1
"Microtus_californicus",5.62679843244021,3.78418963391826,14.3200911854544,0.963174317773006,1
"Microtus_pennsylvanicus",5.70178850357048,3.6609942506244,13.4028789031049,0.966983846189673,1
"Microtus_montanus",5.57873096769885,3.55820113047182,12.6607952848909,1.13783300182139,1
"Microtus_richardsoni",6.24949880808639,4.18433760074881,17.5086811570403,NA,1
"Microtus_arvalis",5.40439562853864,2.99573227355399,8.97441185481296,1.06986981980246,1
"Microtus_guentheri",5.75314839516122,3.7796338173824,14.2856317935007,NA,1
"Microtus_oeconomus",5.99068075837264,3.51749783735832,12.3727910358205,0.959350221334602,1
"Microtus_pinetorum",5.43642888065602,3.23867845216438,10.4890381165139,NA,1
"Microtus_xanthognathus",5.93952808302263,4.22683374526818,17.8661235101378,NA,1
"Arvicola_amphibius",5.98256069859862,4.52178857704904,20.4465719355312,NA,1
"Myodes_californicus",5.42558668021829,2.90690105984738,8.45007377174182,NA,1
"Myodes_gapperi",5.2397155754533,3.10458667846607,9.63845844410898,NA,1
"Ondatra_zibethicus",7.77169150552788,6.91234473131594,47.7805096845512,1.02245092770255,1
"Phenacomys_intermedius",5.5500789699862,3.06805293513362,9.41294881278202,NA,1
"Lemmus_lemmus",6.591425668701,4.38202663467388,19.2021574269913,NA,1
"Lemmus_sibiricus",5.87114677083389,3.91601502669768,15.335173689322,NA,1
"Dicrostonyx_groenlandicus",5.96984183440994,4.08799108824993,16.7116711376108,NA,1
"Myopus_schisticolor",5.95587517312634,3.27336401015227,10.7149119429602,NA,1
"Neofiber_alleni",6.66335739880444,5.55334710672457,30.8396640877662,NA,1
"Neotoma_fuscipes",6.24420807464019,5.23110861685459,27.3644973613303,NA,1
"Neotoma_lepida",5.72781033911479,4.70048036579242,22.0945156692,NA,1
"Ochrotomys_nuttalli",4.53286519666691,2.9704144655697,8.82336209726573,NA,1
"Baiomys_taylori",4.04443134456974,1.96711235670592,3.86953102390512,NA,1
"Scotinomys_xerampelinus",4.68353833120284,2.72129542785223,7.40544880564945,NA,1
"Scotinomys_teguina",4.76020928741931,2.484906649788,6.17476105816062,NA,1
"Peromyscus_sitkensis",5.05071637180374,3.34286180464919,11.1747250449824,NA,1
"Peromyscus_crinitus",4.40830035237085,2.76631910922619,7.65252141406998,1.17557332980424,1
"Megadontomys_thomasi",6.1549873679476,4.70772677431318,22.1626913815852,NA,1
"Peromyscus_leucopus",4.75848922135308,2.99573227355399,8.97441185481296,NA,1
"Peromyscus_californicus",5.19271582816287,3.86283276123737,14.9214769412887,NA,1
"Peromyscus_eremicus",4.74865714286583,3.06805293513362,9.41294881278202,1.19392246847243,1
"Peromyscus_truei",5.18375695675742,3.50254987592244,12.2678556333243,NA,1
"Peromyscus_gossypinus",4.92308663099783,3.06805293513362,9.41294881278202,NA,1
"Peromyscus_oreas",4.99321820934485,3.20193310413789,10.2523756033741,NA,1
"Peromyscus_maniculatus",4.85294099291068,3.1267605359604,9.77663144923937,1.47247205736094,1
"Reithrodontomys_megalotis",4.37656761605382,2.19722457733622,4.82779584325033,NA,1
"Isthmomys_pirrensis",6.1184849577938,4.92652878479926,24.2706858674557,NA,1
"Sigmodon_hispidus",6.79493222808109,4.93662988078576,24.3703145798668,1.37624402526639,1
"Eligmodontia_typus",4.63326713856521,2.86220088092947,8.19219388279343,NA,1
"Oligoryzomys_longicaudatus",5.23119720179591,3.33932197794407,11.1510712723803,NA,1
"Akodon_azarae",5.03554510031343,3.17805383034795,10.1000261485893,0.887891257352457,1
"Oxymycterus_roberti",5.87670120417533,4.42484663185681,19.5792677154546,NA,1
"Chelemys_macronyx",5.69767139163649,4.12713438504509,17.0332382322215,NA,1
"Abrothrix_longipilis",5.35790566264054,3.74478708605223,14.0234303198636,NA,1
"Calomys_musculinus",4.53803871923639,2.82731362192903,7.99370231674545,1.1314021114911,1
"Graomys_griseoflavus",5.64367220120399,4.23988686751276,17.9766406493072,1.03318448334565,1
"Phyllotis_darwini",5.09899433864415,3.58351893845611,12.8416079822736,1.0681530811834,1
"Auliscomys_boliviensis",5.93328928188475,4.34120464015363,18.8460577276914,NA,1
"Auliscomys_micropus",5.88867092199398,4.13196142579341,17.0731052242447,NA,1
"Phyllotis_xanthopygus",5.33544036604812,4.00733318523247,16.0587192574654,1.35325450704169,1
"Myotomys_unisulcatus",5.78862356973185,4.56434819146784,20.8332744129557,NA,1
"Myotomys_sloggetti",6.24351656552951,4.7299509028854,22.3724355437064,NA,1
"Hydromys_chrysogaster",7.51848609547695,6.80239476332431,46.272574516102,NA,1
"Notomys_alexis",5.15959069101636,3.47506723022861,12.0760922546087,NA,1
"Notomys_cervinus",5.11083353702234,3.53222564406856,12.4766180006156,NA,1
"Pseudomys_gracilicaudatus",5.69136597546864,4.37952350445576,19.1802261260805,NA,1
"Pseudomys_hermannsburgensis",4.47894500279531,2.50143595173921,6.25718182065345,NA,1
"Mastomys_natalensis",4.83802231788212,3.72569342723665,13.8807915137544,NA,1
"Mus_minutoides",4.40627838517907,2.08691355651854,4.35520819238086,NA,1
"Apodemus_mystacinus",5.19619722660237,3.6988297849671,13.6813417781598,NA,1
"Apodemus_sylvaticus",5.02314464964584,3.17387845893747,10.0735044721073,1.20896034583698,1
"Apodemus_flavicollis",5.02314464964584,3.17387845893747,10.0735044721073,1.17557332980424,1
"Apodemus_hermonensis",5.18968739475467,3.02042488614436,9.12296649284017,NA,1
"Lemniscomys_griselda",5.32398702099143,3.8607297110406,14.9052339017116,NA,1
"Lemniscomys_rosalia",5.36029769404477,3.92256721930382,15.3865335899569,NA,1
"Rhabdomys_pumilio",4.74537255624998,3.67882911826043,13.5337836813608,NA,1
"Micaelamys_namaquensis",5.30317934274324,4.16200321069592,17.3222707258431,NA,1
"Otomys_irroratus",5.76084116772722,4.62497281328427,21.3903735236186,NA,1
"Parotomys_brantsii",5.57118952110235,4.46014441393783,19.8928881931808,NA,1
"Micromys_minutus",4.39628106667828,1.99741770620125,3.98967749304626,NA,1
"Rattus_fuscipes",5.74426827066206,4.33073334028633,18.7552512646676,NA,1
"Rattus_lutreolus",5.40256321576894,4.69134788222914,22.0087449520958,NA,1
"Rattus_villosissimus",6.18144315324703,5.52385804246197,30.5130076732718,NA,1
"Thallomys_paedulcus",5.72599134256492,4.88582764350291,23.8713117620172,NA,1
"Chroeomys_andinus",5.49665513183349,3.54385368206368,12.5588989198763,NA,1
"Acomys_russatus",5.05387574335056,4.01728351608564,16.1385668486134,NA,1
"Acomys_cahirinus",5.14569461147,3.73766961828337,13.9701741754386,0.970778917158225,1
"Meriones_unguiculatus",5.7066111675916,4.20469261939097,17.6794400235609,1.29198368164865,1
"Meriones_tristrami",5.83236513980717,4.71849887129509,22.264231598413,NA,1
"Meriones_hurrianae",5.21154914515877,4.23410650459726,17.9276578922728,NA,1
"Gerbillus_pusillus",3.70685480725145,2.53369681395743,6.41961954505803,NA,1
"Gerbillus_nanus",4.50228165345946,3.34638914516716,11.1983203108926,NA,1
"Gerbillus_pyramidum",5.61223307461131,4.68675017298051,21.9656271839328,1.38629436111989,1
"Gerbillus_allenbyi",4.88663467188679,3.56388296393925,12.7012617806564,NA,1
"Gerbillus_gerbillus",5.04027980425443,3.39114704580865,11.4998782862967,NA,1
"Dipodillus_dasyurus",4.76638997786734,3.3178157727231,11.0079015017302,NA,1
"Gerbilliscus_leucogaster",6.02708966168633,5.0601870729255,25.6054932130023,NA,1
"Gerbilliscus_afra",6.26677700265012,4.66814498514948,21.7915776023762,NA,1
"Gerbillurus_paeba",4.94738878009475,3.5234150143864,12.4144533636035,NA,1
"Gerbillurus_tytonis",4.72628806850954,3.39785848039664,11.5454422528034,NA,1
"Gerbillurus_vallinus",4.85423925746237,3.65842024662923,13.3840387009467,NA,1
"Gerbillurus_setzeri",4.93120357757111,3.8308129500026,14.6751278579076,NA,1
"Sekeetamys_calurus",5.10554879521609,4.04129534113228,16.3320680342575,NA,1
"Desmodillus_auricularis",5.67055299773519,4.27569342387926,18.2815542550044,NA,1
"Dipodomys_deserti",5.787229333622,4.66343909411207,21.7476641844928,1.34025042261848,1
"Dipodomys_merriami",5.02581514972199,3.59731226058845,12.94065550018,1.25846098961001,1
"Dipodomys_ordii",5.2676520770475,3.8458832029236,14.7908176105299,1.49850635172682,1
"Dipodomys_panamintinus",5.57799433889638,4.16200321069592,17.3222707258431,1.23837423104327,1
"Dipodomys_microps",5.33787031526675,4.04655389838575,16.3745984525409,1.24990173621434,1
"Dipodomys_agilis",5.4303495265499,4.10429489307527,16.8452365693237,1.41585316336144,1
"Microdipodops_megacephalus",4.38185452684724,2.39789527279837,5.74990173930877,NA,1
"Microdipodops_pallidus",4.42305630175213,2.72129542785223,7.40544880564945,NA,1
"Liomys_irroratus",5.26387533172392,3.87328217711172,15.0023148235313,NA,1
"Heteromys_anomalus",5.81602823267717,4.23844490619586,17.9644152228576,1.01884732019925,1
"Heteromys_desmarestianus",5.64424495657399,4.32809829264833,18.7324348308254,NA,1
"Liomys_salvini",5.12455693516141,3.7796338173824,14.2856317935007,NA,1
"Chaetodipus_baileyi",4.49515940678568,3.37073817417745,11.3618758388571,NA,1
"Chaetodipus_fallax",4.25064217649218,2.97552956623647,8.8537761995474,NA,1
"Chaetodipus_californicus",4.40863447004015,3.09104245335832,9.55454344846342,NA,1
"Chaetodipus_intermedius",4.088877255269,2.70805020110221,7.33353589168972,NA,1
"Chaetodipus_hispidus",5.16249653006473,3.67630067190708,13.5151866302644,NA,1
"Perognathus_longimembris",3.36641962049487,2.18605127673809,4.77882018452823,NA,1
"Perognathus_flavus",3.95652371487352,2.11625551480255,4.47853740393221,NA,1
"Geomys_pinetis",6.11894337518792,5.15329159449778,26.5564142579215,NA,1
"Geomys_bursarius",6.06084145287059,5.28320372873799,27.912241639351,1.30019166206648,1
"Thomomys_umbrinus",5.38563167181275,4.44265125649032,19.737150186795,1.47704872438835,1
"Thomomys_bottae",5.99451101316396,4.96284463025991,24.6298268240996,1.59100235027842,1
"Thomomys_talpoides",6.17644242738098,4.67095792652609,21.8178479513769,0.943905898907128,1
"Tupaia_glis",5.81501197897586,4.81218435537242,23.1571182700911,1.26694760348732,1
"Ptilocercus_lowii",5.0144605781166,4.06044301054642,16.4871974418953,NA,1
"Galago_senegalensis",6.2589034042474,5.14458326660599,26.4667369870424,1.40487074669283,1
"Perodicticus_potto",6.99832913031908,6.87109129461055,47.2118955788729,1.2744312679745,1
"Loris_tardigradus",6.02225456422219,5.64897423816121,31.910909943409,NA,1
"Nycticebus_coucang",6.76746855265539,7.05617528410041,49.7896096399495,1.27536280041261,1
"Cheirogaleus_medius",6.62105078273029,5.7037824746562,32.5331345181952,NA,1
"Eulemur_fulvus",7.85642524022572,7.75362354655975,60.1186781017658,1.12330490125848,1
"Saimiri_sciureus",8.03344764388312,6.77422388635761,45.890109262498,1.19392246847243,1
"Aotus_trivirgatus",7.43936110624424,6.7093043402583,45.0147647302089,NA,1
"Colobus_guereza",9.27627168254915,9.25435725739296,85.6431282474617,NA,1
"Cercopithecus_mitis",9.44174239376844,9.04782144247841,81.8630728549721,NA,1
"Erythrocebus_patas",8.41293962895254,8.00636756765025,64.1019216283218,1.3015531326648,1
"Tarsius_syrichta",5.38754911926387,4.72738781871234,22.3481955885098,1.66013102674962,1
"Notoryctes_caurinus",3.89231546817687,3.52636052461616,12.4352185495712,NA,1
"Macrotis_lagotis",7.24281552915489,7.16549347506085,51.3442967411396,1.45628673293993,1
"Perameles_nasuta",6.96906540300088,6.46925031679577,41.8511996613622,1.49440110244574,1
"Perameles_gunnii",7.18936020782649,6.72982407048948,45.2905320197396,1.48613969608961,1
"Isoodon_macrourus",7.55127283186844,7.34665516317654,53.9733420866285,1.54115907168081,1
"Isoodon_obesulus",6.45878824778688,6.57507584059962,43.2316223096368,1.53039470509365,1
"Isoodon_auratus",6.05694848197378,6.0591231955818,36.7129738992374,NA,1
"Echymipera_kalubu",6.96487462575866,6.54391184556479,42.8227822425232,NA,1
"Echymipera_rufescens",7.44215493678198,7.15148546390474,51.1437443404408,NA,1
"Myrmecobius_fasciatus",5.91163211595858,5.99146454710798,35.8976474192518,NA,1
"Planigale_maculata",3.58319095677313,2.37954613413017,5.66223980445384,NA,1
"Planigale_tenuirostris",3.52211310726454,1.96009478404727,3.84197156244931,NA,1
"Planigale_gilesi",3.08474418740229,2.2082744135228,4.87647588541947,NA,1
"Sminthopsis_murina",4.20096927996203,2.94443897916644,8.66972090203471,NA,1
"Sminthopsis_crassicaudata",4.36850800135776,2.79728133483015,7.82478286618915,1.24990173621434,1
"Sminthopsis_macroura",4.12675007412498,2.96269241947579,8.77754637241931,NA,1
"Ningaui_yvonnae",3.8421742677681,2.45100509811232,6.00742599097258,NA,1
"Phascogale_tapoatafa",6.15115865087301,5.05624580534831,25.5656216441024,NA,1
"Antechinus_swainsonii",5.35094123077159,4.20319896713418,17.6668815573178,NA,1
"Antechinus_stuartii",4.65915087758484,3.33932197794407,11.1510712723803,NA,1
"Antechinus_flavipes",4.94330577317994,3.83945231259331,14.7413940606781,NA,1
"Pseudantechinus_macdonnellensis",4.3780985610064,3.7635229971097,14.1641053497736,NA,1
"Sarcophilus_harrisii",8.37757818339511,8.66129353538999,75.0180057061884,1.28923264827676,1
"Dasyurus_hallucatus",6.6919684217275,6.32435896238131,39.9975162850528,NA,1
"Dasyurus_maculatus",7.64698966349807,7.48549160803075,56.0325846138988,1.24703229378638,1
"Dasyurus_viverrinus",7.1808824591181,6.88959130835447,47.4664683961535,NA,1
"Dasyurus_geoffroii",7.56362344438872,7.21081845347222,51.9959027689355,NA,1
"Dasycercus_cristicauda",5.19853073380656,4.61512051684126,21.2993373849691,NA,1
"Dasyuroides_byrnei",5.42008871607534,4.51852237926242,20.4170444918953,NA,1
"Tarsipes_rostratus",4.61611762129315,2.30258509299405,5.30189811047842,NA,1
"Petaurus_breviceps",5.69562597320743,4.84418708645859,23.4661485286122,NA,1
"Pseudocheirus_peregrinus",7.31299043109202,6.78905543455093,46.0912736934055,NA,1
"Petauroides_volans",7.51554652590577,7.03966034986208,49.5568178414203,NA,1
"Acrobates_pygmaeus",3.82872806603434,2.63905732961526,6.96462358899603,NA,1
"Bettongia_penicillata",7.62194007099585,6.92559519711047,47.9638688342396,NA,1
"Bettongia_gaimardi",7.64081986291689,7.23345541862144,52.3228772931839,NA,1
"Aepyprymnus_rufescens",8.21860777769242,7.94449216393216,63.1149557427795,NA,1
"Potorous_tridactylus",7.2270037483567,6.88346258641309,47.3820571785488,1.28093384546206,1
"Trichosurus_vulpecula",7.80131177673174,7.60339933974067,57.8116815195689,1.09861228866811,1
"Spilocuscus_maculatus",8.15434005782112,8.35467426191846,69.8005820227628,NA,1
"Burramys_parvus",4.81782007294217,3.79098467705109,14.3715648216362,NA,1
"Cercartetus_concinnus",4.19654771471856,2.92316158071916,8.54487362699254,1.24703229378638,1
"Cercartetus_nanus",5.27506502150613,4.24849524204936,18.0497118217161,1.24703229378638,1
"Cercartetus_lepidus",3.97286764288807,2.53369681395743,6.41961954505803,NA,1
"Phascolarctos_cinereus",8.13291037619999,8.4690528160883,71.7248556016932,1.30562645805244,1
"Lasiorhinus_latifrons",9.15947068523031,10.3061821596816,106.217390708539,1.39871688111845,1
"Monodelphis_brevicaudata",5.07121516615934,4.32413265625498,18.6981232288907,1.65249740189455,1
"Monodelphis_domestica",5.05477975708301,4.64439089914137,21.5703668240272,NA,1
"Metachirus_nudicaudatus",6.45712750621976,5.8171111599632,33.8387822473684,NA,1
"Didelphis_virginiana",7.85566608375095,7.81923445385907,61.1404274444168,1.42310833424261,1
"Didelphis_marsupialis",7.48100986951827,7.0604763659998,49.8503265148417,1.2683550632552,1
"Gracilinanus_microtarsus",4.06390513912078,2.56494935746154,6.57896520634237,NA,1
"Lutreolina_crassicaudata",7.1980686451551,6.69950034016168,44.8833048078265,1.43508452528932,1
"Philander_opossum",7.01461344109973,6.62140565176413,43.843012805214,NA,1
"Chironectes_minimus",7.2543110230627,6.84054652928869,46.7930768193635,NA,1
"Caluromys_derbianus",6.55051306527609,5.79605775076537,33.5942854502073,NA,1
"Callipepla_gambelii",6.48301003110793,4.83707524297087,23.3972969061617,NA,1
"Bonasa_umbellus",7.54913469380463,6.46769872610435,41.8311268116518,0.27763173659828,1
"Coturnix_coturnix",6.67814578828029,4.5798523780038,20.9750478043071,0.300104592450338,1
"Coturnix_pectoralis",6.3437434668043,4.56226268497681,20.8142408067318,NA,1
"Larus_argentatus",8.38412418710257,6.90775527898214,47.7170829943056,0.381855242469031,1
"Falco_sparverius",6.27751388616468,4.75359019110636,22.5966197049826,0.357674444271816,1
"Myiarchus_crinitus",5.80299316717141,3.5234150143864,12.4144533636035,0.27763173659828,1
"Sayornis_phoebe",5.69155466870199,3.07269331469012,9.44144420614136,0.371563556432483,1
"Empidonax_virescens",4.98043201061988,2.50959926237837,6.29808845773006,NA,1
"Contopus_virens",5.42411521453131,2.63188884013665,6.92683886683584,0.139761942375159,1
"Pipra_mentalis",4.89376635141747,2.50959926237837,6.29808845773006,NA,1
"Manacus_vitellinus",5.07125432219323,2.7408400239252,7.51220403675029,NA,1
"Melithreptus_lunatus",5.30028426570964,2.66025953726586,7.07698080561397,NA,1
"Lichmera_indistincta",5.03613650986905,2.19722457733622,4.82779584325033,NA,1
"Lichenostomus_virescens",5.56789545704281,3.2188758248682,10.3611615759209,NA,1
"Phylidonyris_melanops",5.46209019229157,2.9338568698359,8.60751613268331,NA,1
"Pica_nuttalli",7.01885633386554,5.02322240960173,25.232763376325,NA,1
"Pica_pica",6.81943777405537,5.06827507354267,25.687412221094,0.22314355131421,1
"Parus_atricapillus",5.11690487695966,2.33214389523559,5.43889514808463,0.314810739840034,1
"Mirafra_erythrocephala",5.85635575180827,3.30688670219091,10.9354996611271,NA,1
"Psaltriparus_minimus",4.5831838441272,1.70474809223843,2.90616605799057,NA,1
"Zosterops_lateralis",4.62445511556482,2.46640317822344,6.08314463755069,NA,1
"Sialia_mexicana",5.84184303340101,3.31418600467253,10.9838288735673,NA,1
"Carpodacus_cassinii",5.62552352416731,3.31054301339402,10.959695043532,NA,1
"Carpodacus_mexicanus",5.57717434019649,3.01553490085017,9.09345073824545,NA,1
"Himatione_sanguinea",5.59957547261041,2.67414864942653,7.15107099922974,NA,1
"Loxioides_bailleui",5.86502373536982,3.58351893845611,12.8416079822736,NA,1
"Carduelis_pinus",5.53753445359809,2.62466859216316,6.88888521868774,NA,1
"Carduelis_tristis",5.43340504960184,2.54944517092557,6.49967067955571,0.27763173659828,1
"Cardinalis_sinuatus",5.70966662677064,3.46573590279973,12.0113253479551,NA,1
"Cardinalis_cardinalis",5.92193939202487,3.72086249996699,13.8448177436606,0.314810739840034,1
"Coereba_flaveola",5.18064327024957,2.30258509299405,5.30189811047842,0.398776119957368,1
"Spizella_passerina",5.08510425889291,2.47653840011748,6.13324244725645,0.254642218373581,1
"Amphispiza_bilineata",5.12384009824144,2.45100509811232,6.00742599097258,NA,1
"Melospiza_georgiana",5.1087186261973,2.70136121295141,7.29735240283831,0.398776119957368,1
"Melospiza_melodia",5.36757236614693,2.94968833505258,8.70066127394526,0.357674444271816,1
"Passerculus_sandwichensis",5.1688657877105,2.76631910922619,7.65252141406998,0.186479566942618,1
"Pooecetes_gramineus",5.34561070103628,3.06805293513362,9.41294881278202,NA,1
"Zonotrichia_leucophrys",5.66286978710922,3.26193531432865,10.6402219948643,0.27763173659828,1
"Zonotrichia_albicollis",5.4450166855893,3.00568260440716,9.03412791843581,0.300104592450338,1
"Zonotrichia_querula",5.96777810015699,3.5055573969864,12.2889326635661,NA,1
"Ammodramus_savannarum",4.85222141371712,2.62466859216316,6.88888521868774,0.27763173659828,1
"Icterus_galbula",5.98807811959817,3.62434093297637,13.135847198448,0.207014169384326,1
"Agelaius_phoeniceus",6.01486618424932,3.7635229971097,14.1641053497736,0.273836665629728,1
"Seiurus_aurocapilla",5.35648040212602,2.94443897916644,8.66972090203471,0.307484699747961,1
"Protonotaria_citrea",5.07743919350659,2.54944517092557,6.49967067955571,NA,1
"Geothlypis_trichas",4.98671463644007,2.36085400111802,5.57363161459496,0.364643113587909,1
"Seiurus_noveboracensis",5.51665447333715,2.92852352386054,8.57625002980456,0.27763173659828,1
"Parula_americana",4.44136382605939,1.94591014905531,3.78656630819646,NA,1
"Dendroica_palmarum",4.88048492336805,2.28238238567653,5.20926935444649,0.343589704390077,1
"Dendroica_coronata",5.04379996602778,2.4423470353692,5.96505904117672,0.285178942233662,1
"Dendroica_dominica",4.82814212178153,2.28238238567653,5.20926935444649,0.336472236621213,1
"Wilsonia_citrina",5.22271994666123,2.484906649788,6.17476105816062,NA,1
"Amadina_erythrocephala",5.08803719498104,3.06805293513362,9.41294881278202,NA,1
"Lonchura_fuscans",4.2886016293108,2.2512917986065,5.06831476247289,NA,1
"Colius_striatus",4.9566338179676,3.93573953204546,15.4900456641054,NA,1
"Colius_colius",4.68582232333283,3.55820113047182,12.6607952848909,0.385262400790645,1
"Todus_mexicanus",4.27469163139926,1.80005827204275,3.24020978274953,NA,1
"Megascops_trichopsis",5.46491720866095,4.60316818331742,21.1891573239058,NA,1
"Strix_occidentalis",7.64736319825612,6.34738920965601,40.2893497788575,NA,1
"Bubo_virginianus",7.86142267605901,6.90775527898214,47.7170829943056,NA,1
"Buteo_lineatus",7.44390147029235,6.48920493132532,42.1097806407369,NA,1
"Pandion_haliaetus",8.31491909848629,7.30988148582479,53.434367336804,NA,1
"Columbina_inca",5.34422136023,3.73766961828337,13.9701741754386,NA,1
"Leucosarcia_melanoleuca",7.11281986463992,6.09807428216624,37.1865099508173,NA,1
"Geopelia_placida",5.56370322675252,3.95124371858143,15.6123269236292,NA,1
"Geopelia_cuneata",5.21818845276527,3.66356164612965,13.4216839349922,NA,1
"Geophaps_plumifera",5.84916078954235,4.48863636973214,20.1478564596821,NA,1
"Ocyphaps_lophotes",6.66688134618726,5.23110861685459,27.3644973613303,NA,1
"Phaps_chalcoptera",7.0592653980066,5.71702770140622,32.6844057386461,NA,1
"Phaps_elegans",6.81989582287751,5.24702407216049,27.5312616138316,NA,1
"Ptilinopus_melanospilus",6.12047129088398,4.54329478227,20.6415274786018,NA,1
"Ptilinopus_superbus",6.28935720849074,4.79081953287472,22.951951796574,NA,1
"Chalcophaps_indica",6.39550390945223,4.82028156560504,23.2351143717118,NA,1
"Columba_leucomela",7.46198862486192,6.12249280951439,37.4849182025554,NA,1
"Pterocles_orientalis",7.35703282560982,5.95687310233836,35.4843371573622,NA,1
"Spheniscus_humboldti",8.85674855391958,8.26100978602383,68.2442826847815,NA,1
"Anhinga_anhinga",7.77453197126218,6.94697599213542,48.2604754353059,NA,1
"Phalacrocorax_auritus",8.39402085505427,7.1929342212158,51.7383027107373,0.357674444271816,1
"Geococcyx_californianus",7.04238176108982,5.65143599428399,31.9387287974887,NA,1
"Podargus_strigoides",6.63818003187436,5.83188247728352,34.0108532288466,NA,1
"Sephanoides_sephaniodes",4.14289043824263,1.74745921033147,3.05361369177228,NA,1
"Chordeiles_minor",5.65616121097015,4.28358656186063,18.349113832953,NA,1
"Sphenodon_punctatus",2.65354770927251,6.06378520868761,36.7694910570986,1.6094379124341,0
"Coleonyx_variegatus",-0.297383688887462,1.23256026117785,1.51920479743481,0.65232518603969,0
"Gonatodes_antillensis",-0.610937839348112,0.587786664902119,0.345493163436756,NA,0
"Sphaerodactylus_cinereus",-2.67542107653942,-0.916290731874155,0.839588705318475,NA,0
"Sphaerodactylus_macrolepis",-1.2715398704394,-0.693147180559945,0.480453013918201,NA,0
"Ptyodactylus_hasselquistii",0.155626955522932,2.14006616349627,4.57988318414164,0.636576829071551,0
"Homonota_gaudichaudii",-1.34380081028576,-0.216913001563574,0.047051250247319,NA,0
"Tarentola_mauritanica",0.361972649909487,1.88706964903238,3.56103186029919,0.974559639998131,0
"Gekko_gecko",2.54846905553399,4.11903717481247,16.9664672474871,1.04380405217311,0
"Bunopus_tuberculatus",1.20974347448825,0.916290731874155,0.839588705318475,NA,0
"Hemidactylus_platyurus",-0.506367376169892,1.25276296849537,1.56941505523333,NA,0
"Hemidactylus_frenatus",-0.397465264360926,1.28449020083315,1.64991507603639,0.89199803930511,0
"Xantusia_henshawi",-1.08501994041118,1.25276296849537,1.56941505523333,NA,0
"Xantusia_riversiana",0.426499505775691,2.94443897916644,8.66972090203471,NA,0
"Xantusia_vigilis",-0.987818916628332,0.405465108108164,0.164401953893165,NA,0
"Lepidophyma_gaigeae",-0.949758270383746,1.6094379124341,2.59029039398023,NA,0
"Lepidophyma_smithii",0.561367642528753,3.2188758248682,10.3611615759209,NA,0
"Acontias_meleagris",-0.028131270680618,1.98787434815435,3.95164442405008,NA,0
"Plestiodon_inexpectatus",1.15312669897125,2.26176309847379,5.11557231361776,NA,0
"Plestiodon_obsoletus",2.13434626517368,3.40119738166216,11.5681436290255,NA,0
"Plestiodon_fasciatus",1.28747475150232,1.94591014905531,3.78656630819646,NA,0
"Scincus_mitranus",0.131058936884705,2.68102152871429,7.18787643742951,NA,0
"Chalcides_ocellatus",0.271496741898691,3.09376601382536,9.57138814830086,0.900161349944271,0
"Chalcides_sepsoides",0.231853531782166,2.00148000021012,4.0059221912411,NA,0
"Scelotes_gronovii",-0.937262808322041,0.0953101798043249,0.00908403037433274,NA,0
"Scincella_lateralis",-1.26138277980794,0,0,NA,0
"Ctenotus_labillardieri",-1.60983799245544,1.02961941718116,1.06011614423647,NA,0
"Tiliqua_rugosa",4.49838893392271,6.15796399549449,37.9205205698065,NA,0
"Tiliqua_scincoides",3.57491764227143,6.20050917404269,38.4463140173876,0.598836501088704,0
"Aspidoscelis_tigris",1.55473808182908,2.89037175789616,8.35424889884374,NA,0
"Blanus_cinereus",-0.144590628509652,0.8754687373539,0.766445510084032,NA,0
"Trogonophis_wiegmanni",-1.25857857418052,1.6064334034138,2.58062827960364,0.500775287912489,0
"Diplometopon_zarudnyi",-0.458098799500088,1.84687876844913,3.41096118534817,NA,0
"Psammodromus_algirus",1.0010293693318,1.64865862558738,2.71807526372367,0.774727167552368,0
"Acanthodactylus_erythrurus",1.22288552343151,2.19722457733622,4.82779584325033,NA,0
"Acanthodactylus_pardalis",2.45453259183467,2.27212588550934,5.1625560396016,0.364643113587909,0
"Acanthodactylus_scutellatus",1.50838920182846,1.88706964903238,3.56103186029919,NA,0
"Acanthodactylus_schmidti",1.29020873274274,2.67414864942653,7.15107099922974,NA,0
"Acanthodactylus_opheodurus",0.340614029787788,1.33500106673234,1.78222784817649,NA,0
"Acanthodactylus_schreiberi",1.78925159191938,2.3887627892351,5.70618766323426,NA,0
"Acanthodactylus_boskianus",0.924061805991031,2.51944466644145,6.34760142726027,NA,0
"Zootoca_vivipara",-0.726278460072424,1.18963879525783,1.4152404631825,NA,0
"Lacerta_viridis",0.689603554979384,3.21485973901957,10.335323141569,0.676763701309421,0
"Lacerta_agilis",1.61242936418615,2.12823170584927,4.52937019378209,0.615185639090233,0
"Lacerta_trilineata",1.57812639994685,4.1258319618028,17.0224893770335,NA,0
"Podarcis_siculus",0.0171558514928099,2.07156736319577,4.29139134025787,NA,0
"Podarcis_muralis",1.21628444147191,1.70474809223843,2.90616605799057,0.624154309072996,0
"Podarcis_hispanicus",-0.782626156021823,1.24707233646311,1.55518941237156,NA,0
"Podarcis_lilfordi",0.506719531164612,2.05886775750634,4.23893644289919,NA,0
"Anniella_pulchra",-1.44980480241125,1.58189677215626,2.50239739775839,NA,0
"Ophisaurus_ventralis",0.607783403452931,3.47150050550458,12.0513157597186,NA,0
"Anguis_fragilis",1.00974103985914,2.55533417484896,6.52973274515101,0.965080896043587,0
"Elgaria_multicarinata",1.4315484114366,3.36729582998647,11.3386812066443,0.683096844706444,0
"Varanus_albigularis",6.14003591780657,6.87005341179813,47.1976338809591,NA,0
"Varanus_bengalensis",5.23364319979321,8.14322675036744,66.3121419078999,0.847297860387202,0
"Varanus_mertensi",5.39009557617097,6.80682936039218,46.332925941497,NA,0
"Varanus_giganteus",5.86006539012877,7.82364521025809,61.2094243759944,NA,0
"Varanus_rosenbergi",6.2555801580697,7.14622084639413,51.068472385438,NA,0
"Varanus_gouldii",4.02503492083983,6.09360839538281,37.1320632762799,NA,0
"Varanus_panoptes",5.77521324999925,7.19775010318533,51.8076065479044,NA,0
"Varanus_varius",6.16457865297406,8.39162996844089,70.4194535272352,NA,0
"Varanus_gilleni",2.95669475355933,3.31418600467253,10.9838288735673,NA,0
"Uromastyx_aegyptia",3.19196650358001,5.59331819517002,31.28520843242,NA,0
"Physignathus_lesueurii",4.26918336990486,6.22257626807137,38.720455411965,NA,0
"Ctenophorus_nuchalis",3.23652945765405,3.3699611273303,11.3566379997173,NA,0
"Pogona_barbata",4.13163938053476,5.92157841964382,35.0650909799914,NA,0
"Dipsosaurus_dorsalis",2.3907232972944,3.69783919548541,13.6740147156682,NA,0
"Iguana_iguana",4.81722327909719,6.67834211465433,44.6002534003657,1.06125650212434,0
"Sauromalus_ater",2.30920146865896,5.01063529409626,25.1064660504431,NA,0
"Sauromalus_hispidus",3.76343257283273,6.35262939631957,40.3559002469836,NA,0
"Amblyrhynchus_cristatus",4.70018273541505,6.29845544342236,39.6705409727768,NA,0
"Crotaphytus_collaris",2.24534827472192,3.40119738166216,11.5681436290255,0.867100487683383,0
"Phrynosoma_cornutum",2.24831005668499,3.55534806148941,12.6404998383365,0.76080582903376,0
"Phrynosoma_mcallii",1.54717017797716,2.77258872223978,7.68724822269122,NA,0
"Phrynosoma_douglassii",2.13029635789154,3.3322045101752,11.1035868976319,NA,0
"Petrosaurus_mearnsi",1.18689086011129,2.63905732961526,6.96462358899603,NA,0
"Uta_stansburiana",-0.6777807053,1.09861228866811,1.20694896081258,NA,0
"Sceloporus_variabilis",-0.8172095347,2.49979526228175,6.24897635332628,NA,0
"Sceloporus_graciosus",0.658971874997937,1.6094379124341,2.59029039398023,NA,0
"Sceloporus_olivaceus",1.41402436779692,2.92917520851097,8.58006740215528,NA,0
"Sceloporus_occidentalis",-0.9244195044,2.30856716467159,5.32948235379982,0.858661619037519,0
"Sceloporus_undulatus",-0.0259061509775026,1.33500106673234,1.78222784817649,NA,0
"Anolis_bonairensis",0.905198890805929,2.484906649788,6.17476105816062,NA,0
"Anolis_carolinensis",-0.0508762388511003,1.50407739677627,2.26224881549328,0.829642925148483,0
"Anolis_acutus",0.59062213009112,1.45861502269952,2.12755778444472,NA,0
"Anolis_limifrons",-1.21696394715858,0.370968672364689,0.13761775587602,NA,0
"Acrantophis_dumerili",4.33106562292681,7.8432602297801,61.5167310320502,NA,0
"Lichanura_trivirgata",1.1744398309,5.34035334389287,28.5193738376278,NA,0
"Candoia_carinata",2.77009307328152,6.25747599864937,39.1560058736729,NA,0
"Gongylophis_colubrinus",1.61678948756637,4.45260158734348,19.8256608956137,NA,0
"Boa_constrictor",5.33067056583849,8.84101313711708,78.1635132906768,0.838689485850602,0
"Corallus_hortulanus",3.37367774388399,6.68710860786651,44.7174215334024,NA,0
"Corallus_caninus",3.02425835911513,6.32076829425058,39.9521118296034,NA,0
"Epicrates_cenchria",2.96986096420008,6.03068526026126,36.3691647083324,0.978326122793608,0
"Eunectes_notaeus",5.37527840768417,9.57498348556409,91.680308748825,NA,0
"Eunectes_murinus",3.16674007044767,7.02997291170639,49.4205191393256,0.542324290825362,0
"Python_molurus",6.41266441081454,10.261518569138,105.298763344764,NA,0
"Python_sebae",6.06277964458996,9.68905594182394,93.8778050437938,NA,0
"Python_curtus",4.23742298680045,7.77212093799137,60.4058638747639,0.60431596685333,0
"Python_regius",3.37159698951888,6.72471582307683,45.2218029011399,NA,0
"Aspidites_melanocephalus",4.80529126948598,6.93488394637039,48.0926153496258,NA,0
"Liasis_olivaceus",5.0156421798299,8.03212151860466,64.514976089632,NA,0
"Liasis_fuscus",3.99602975641136,7.17541319960299,51.4865545850368,NA,0
"Morelia_spilota",4.61012505868818,7.372182440976,54.3490739430349,NA,0
"Antaresia_childreni",3.66534023520089,5.86230109697328,34.3665741515741,NA,0
"Antaresia_stimsoni",3.73956184506488,5.88802416261999,34.6688285395968,NA,0
"Acrochordus_arafurae",3.92908378216197,6.95435256435892,48.3630195894055,NA,0
"Vipera_berus",2.12597501819937,4.14313472639153,17.1655653610314,0.89199803930511,0
"Crotalus_viridis",4.20412251285485,5.70711026474888,32.571107574002,NA,0
"Acanthophis_praelongus",2.30827993986306,4.65871095291612,21.7035877428206,NA,0
"Pelamis_platura",2.70886043243349,4.75359019110636,22.5966197049826,NA,0
"Spalerosophis_diadema",4.68720088577934,5.72122733563505,32.7324422260177,NA,0
"Coluber_constrictor",3.95378497620997,5.5683445037611,31.0064605125665,0.357674444271816,0
"Chironius_quadricarinatus",0.729479109807336,4.11087386417331,16.8992839271432,NA,0
"Mastigodryas_bifossatus",3.45331533592426,6.59987049921284,43.5582906063799,NA,0
"Pituophis_melanoleucus",3.29825264054533,6.3484968888784,40.3034127480987,NA,0
"Pituophis_catenifer",3.35130872312398,6.30627528694802,39.7691079947713,NA,0
"Pantherophis_guttatus",4.89503016785784,6.68461172766793,44.6840339496756,NA,0
"Lampropeltis_getula",3.99596881963931,7.10414409298753,50.4688632939296,0.993251773010283,0
"Natrix_maura",-0.0236150588420272,3.11351530921037,9.69397758068734,0.854415328156068,0
"Natrix_natrix",0.674469295192369,4.04605275887082,16.3705429275662,1.05779029414785,0
"Storeria_dekayi",0.230283790381429,1.97408102602201,3.89699589730011,NA,0
"Nerodia_rhombifer",3.27296660064424,5.47227067367148,29.9457463259249,NA,0
"Thamnophis_sirtalis",0.543520808641225,3.57649823817943,12.7913396477006,0.900161349944271,0
"Thamnophis_proximus",1.57463410836287,3.43398720448515,11.7922681205677,NA,0
"Thamnophis_butleri",0.548371531225274,2.94549105711724,8.67591756755763,NA,0
"Diadophis_punctatus",-0.523816766598639,1.54552122667916,2.38863586211586,NA,0
"Sibynomorphus_mikanii",0.302324349188651,2.39789527279837,5.74990173930877,NA,0
"Dipsas_albifrons",-0.233193887167711,3.09104245335832,9.55454344846342,NA,0
"Waglerophis_merremi",3.07204495640315,6.21860011969173,38.67098744863,0.900161349944271,0
"Xenodon_neuwiedii",0.673454547214209,3.97029191355212,15.7632178788174,NA,0
"Xenodon_guentheri",0.559615787935423,3.91202300542815,15.3039239949991,NA,0
"Liophis_miliaris",3.39078522191127,5.99396142730657,35.927573592039,0.698134722070984,0
"Philodryas_olfersii",1.92629036218566,5.17048399503815,26.7339047429457,NA,0
"Philodryas_patagoniensis",2.98507569336546,5.96100533962327,35.5335846590171,NA,0
"Thamnodynastes_strigatus",0.813149972954642,4.00733318523247,16.0587192574654,NA,0
"Tropidodryas_serra",1.55286756094571,4.90527477843843,24.0617206519842,NA,0
"Hydrodynastes_gigas",4.45155269732249,7.8935720735049,62.3084800796164,NA,0
"Oxyrhopus_trigeminus",1.23256026117785,4.58496747867057,21.0219267804668,NA,0
"Boulengerula_taitana",-0.213104193807355,1.6094379124341,2.59029039398023,NA,0
"Typhlonectes_natans",1.9309144281094,4.35326623429621,18.9509269066635,NA,0
"Geotrypetes_seraphini",-2.6394574096366,0.657520002916794,0.432332554235701,1.54543258245819,0
"Cryptobranchus_alleganiensis",1.72091444606564,6.17532167823505,38.1345978296797,4.00733318523247,0
"Siren_lacertina",1.44976431465168,5.52592391097696,30.5358350699069,4.0324100551026,0
"Siren_intermedia",0.432173688757015,2.94384295267109,8.66621132999124,3.99844532006572,0
"Pseudobranchus_striatus",-1.69543453543985,0.71920570758048,0.517256849816339,3.84574074263416,0
"Dicamptodon_ensatus",-0.415466669960385,3.8978232681673,15.1930262298664,4.03883185229184,0
"Ambystoma_gracile",-0.858163160900888,3.4141136069287,11.6561717210157,3.73766961828337,0
"Ambystoma_opacum",-2.05336825175362,1.64736256857582,2.71380343234472,3.42399117366302,0
"Ambystoma_tigrinum",-0.00185103132523462,2.95526649025033,8.7336000283965,3.44544622509557,0
"Ambystoma_mexicanum",-0.511229769410623,3.41802758740846,11.6829125882853,3.5481795720108,0
"Ambystoma_talpoideum",-0.984166287104619,1.94591014905531,3.78656630819646,3.39148368947452,0
"Ambystoma_macrodactylum",-1.90659587410438,1.26810872201121,1.6080997308409,3.35770980058356,0
"Ambystoma_maculatum",-0.707186132182515,2.26421686524315,5.12667801285152,3.49728647881081,0
"Ambystoma_jeffersonianum",-1.55699396901227,2.18829594659192,4.78863914987063,3.29453972878919,0
"Salamandra_infraimmaculata",1.17345289195076,3.34356826882552,11.1794487682969,3.67122451887522,0
"Salamandra_salamandra",-0.540093860530539,3.23426434289235,10.4604658397049,3.56203990677899,0
"Notophthalmus_viridescens",-2.41926403968682,0.525627456653629,0.276284223188163,3.63069645139089,0
"Taricha_rivularis",-1.60466063534613,2.3823200610129,5.67544887310451,3.49438409638827,0
"Taricha_granulosa",-0.955871516955521,2.32980226471506,5.42797859267142,3.56953269648137,0
"Taricha_torosa",-0.908464891656002,2.40089550580751,5.7642992298067,3.45560664969093,0
"Lissotriton_vulgaris",-0.35020088853786,2.16905370036952,4.70479395508671,3.4102121815333,0
"Triturus_cristatus",-1.77748786715284,1.94591014905531,3.78656630819646,3.15544906644575,0
"Necturus_maculosus",0.596533639704183,4.95809759129966,24.5827317248515,4.45384883317099,0
"Rhyacotriton_olympicus",-1.79224343433854,0.955511445027436,0.913002121578419,4.19870457754634,0
"Amphiuma_tridactylum",1.58591414764827,6.34027686798467,40.1991107627015,NA,0
"Amphiuma_means",1.35391334679703,5.97339976663353,35.6815047720175,4.4055396900715,0
"Ensatina_eschscholtzii",-2.5387261685996,0.570293748647291,0.325234959746179,NA,0
"Aneides_hardii",-3.46248987443959,-0.0304592074847086,0.000927763320596528,3.48584485572244,0
"Aneides_lugubris",-2.70629422768284,-0.217488155741276,0.0473010978877415,3.75583692223882,0
"Aneides_flavipunctatus",-2.04377640084463,1.05086441237939,1.10431601320548,3.80146381486108,0
"Aneides_ferreus",-2.08265953223261,1.08372620950127,1.17446249715999,3.74950407593037,0
"Desmognathus_quadramaculatus",-1.04580347160912,2.50072981136454,6.25364958944733,2.84413388940288,0
"Desmognathus_monticola",-1.75545978165588,1.45947960737404,2.13008072434068,2.80123691582833,0
"Desmognathus_fuscus",-3.38390107370839,0.528619189786735,0.279438247810784,2.78291027131165,0
"Desmognathus_ochrophaeus",-3.75811455081615,0.340815998968545,0.116155545152927,2.7463089132193,0
"Plethodon_neomexicanus",-2.49328317427893,0.904218150639886,0.817610463946616,3.42426265459315,0
"Plethodon_cinereus",-4.11426734046413,-0.223519054211704,0.0499607675956947,3.13670121667919,0
"Plethodon_dorsalis",-4.39699129419851,-0.335623254177092,0.112642968744421,NA,0
"Plethodon_glutinosus",-2.26583008630489,1.39205352023329,1.93781300319389,3.36813291795421,0
"Plethodon_jordani",-2.86831305316062,1.01252387491399,1.02520459727084,3.36614574360324,0
"Pseudotriton_ruber",-1.79065939500498,2.20997006276818,4.88396767833159,3.22027484578191,0
"Gyrinophilus_porphyriticus",-1.84021604394026,2.25281134226758,5.07515894384946,3.0342315727046,0
"Eurycea_multiplicata",-3.68880580418917,-0.319776351486941,0.1022569149703,NA,0
"Eurycea_longicauda",-3.39211189575649,0.451075619360217,0.203469214381203,3.30871652886799,0
"Eurycea_bislineata",-4.11646656667083,0.0483917058536797,0.00234175719542906,3.29274567343466,0
"Eurycea_nana",-3.93675254893011,-1.87080267656851,3.4999026546559,3.26575941076705,0
"Eurycea_neotenes",-3.26659488659486,-1.41469383564159,2.00135864860231,3.25037449192757,0
"Eurycea_pterophila",-3.64907047647833,-1.62964061975162,2.65572854954444,NA,0
"Batrachoseps_attenuatus",-3.13904747686495,-0.110233604207767,0.0121514474966346,3.69206188480524,0
"Pseudoeurycea_cephalica",-3.74539125069408,0.371563556432483,0.138059476468755,3.69386699562498,0
"Pseudoeurycea_bellii",-1.00699203364778,2.79452800645736,7.80938677887455,3.8416005411316,0
"Pseudoeurycea_leprosa",-3.29391986957728,0.900161349944271,0.810290455933492,3.32503602069659,0
"Pseudoeurycea_rex",-3.6434263240374,0.62057648772511,0.385115177117234,3.60821155104648,0
"Pseudoeurycea_gadovii",-2.75456973422381,1.09374492415337,1.19627795911126,NA,0
"Pseudoeurycea_cochranae",-3.49000477293365,0.802001585472027,0.643206543099645,NA,0
"Pseudoeurycea_goebeli",-2.78100733783015,1.31453179690017,1.72799384506159,NA,0
"Bolitoglossa_occidentalis",-3.63347489681133,-0.194319181991595,0.0377599444898826,3.77276093809464,0
"Bolitoglossa_subpalmata",-3.98206565504228,0.488580014818671,0.238710430880213,4.17761283140511,0
"Bolitoglossa_franklini",-3.30476988560134,1.15688119679209,1.3383741034911,NA,0
"Bolitoglossa_morio",-3.51661388166162,0.73716406597672,0.54341086016733,4.0342406381524,0
"Discoglossus_pictus",0.130103199744529,3.42442549452294,11.7266899675387,1.64222773525709,0
"Bombina_orientalis",-1.91535055812811,0.959342881400221,0.920338764093278,2.10209956557242,0
"Xenopus_muelleri",0.679505726180378,3.17805383034795,10.1000261485893,1.31975383731165,0
"Xenopus_laevis",1.11761317715143,3.86916193147424,14.9704140519695,1.19493205967379,0
"Scaphiopus_couchii",0.544158580910622,3.24743636477305,10.5458429432504,0.25722286496707,0
"Scaphiopus_holbrookii",-0.246318927626767,2.63905732961526,6.96462358899603,0.324496045574495,0
"Spea_hammondii",-0.452717784534447,2.13256374855996,4.54782814167211,0.485507815781701,0
"Spea_bombifrons",0.211378241739684,2.58776403522771,6.696522702018,0.211070970079941,0
"Semnodactylus_wealii",-1.11196274761117,1.8365655485729,3.37297301420488,NA,0
"Kassina_senegalensis",-1.47187360924402,1.10193456002744,1.21425977458287,1.49738840862548,0
"Hyperolius_marmoratus",-2.7015712350045,0,0,1.55498172663804,0
"Hyperolius_viridiflavus",-2.47936784177775,-0.116596943583856,0.0135948472530969,NA,0
"Hyperolius_tuberilinguis",-2.68971924441749,0,0,NA,0
"Gastrophryne_carolinensis",-2.29384198249041,0.652270929623816,0.425457365632317,1.53686721959926,0
"Kaloula_pulchra",-0.170964951311728,3.42361076401841,11.7211106635027,NA,0
"Conraua_goliath",3.32782917766502,5.52545293913178,30.53063018256,NA,0
"Pyxicephalus_adspersus",2.99506639556973,6.33265757171892,40.102551920649,0.336472236621213,0
"Occidozyga_martensii",0.0522893200038106,2.23001440015921,4.97296422491744,NA,0
"Fejervarya_cancrivora",1.26895266343272,2.9195320348527,8.52366730253115,NA,0
"Limnonectes_visayanus",1.07742453811937,3.53222564406856,12.4766180006156,NA,0
"Limnonectes_blythii",1.8662123050324,4.48525988931553,20.1175562747028,NA,0
"Rana_esculenta",0.36113087287927,3.51104033477128,12.3274042323908,1.95248191421855,0
"Rana_ridibunda",1.64013099355208,3.65904118782595,13.3885824142067,1.97906856753305,0
"Rana_erythraea",0.502824815143954,2.94443897916644,8.66972090203471,1.20297230399235,0
"Rana_chalconota",-0.548006096760964,1.41098697371026,1.99088423998004,NA,0
"Hylarana_nicobariensis",-0.971401385316953,0.955511445027436,0.913002121578419,NA,0
"Rana_muscosa",-2.28148072958287,2.74653072167027,7.54343100507861,NA,0
"Rana_temporaria",0.389517886406114,3.5683727001349,12.733283727068,1.44997313778307,0
"Rana_arvalis",0.487084884332929,2.83321334405622,8.02709785293823,1.79934963849473,0
"Rana_sylvatica",-0.500865621228172,2.25537953564581,5.08673684980991,1.78036142427569,0
"Rana_catesbeiana",1.67901398716495,5.10549808710797,26.0661107174631,2.02739608478973,0
"Rana_virgatipes",-1.42375425264681,1.94591014905531,3.78656630819646,NA,0
"Rana_clamitans",0.108779731155837,3.3836504883344,11.4490906272056,1.9237619158323,0
"Rana_pipiens",0.975396515046801,3.53158684358774,12.472105633802,NA,0
"Rana_palustris",0.477208707000593,3.1356832161204,9.83250923185918,1.84266379908982,0
"Rana_berlandieri",2.6450001866766,4.24849524204936,18.0497118217161,NA,0
"Crinia_signifera",-2.50246207596019,-0.366695751275513,0.134465774003513,0.751416088683921,0
"Crinia_parinsignifera",-2.18128991081837,-0.490158438352365,0.240255294688029,NA,0
"Eleutherodactylus_coqui",-1.74164891615291,1.40445097364585,1.97248253737478,NA,0
"Eleutherodactylus_portoricensis",-1.76458461865228,1.30833281965018,1.71173476697379,NA,0
"Agalychnis_callidryas",-1.07204379429905,1.73606085999943,3.01390730962196,NA,0
"Phyllomedusa_sauvagii",1.05300626867604,2.86220088092947,8.19219388279343,NA,0
"Cyclorana_platycephala",-0.930794796520624,2.39789527279837,5.74990173930877,NA,0
"Hypsiboas_boans",1.76018839390938,3.72328088083127,13.8628205175637,NA,0
"Hypsiboas_crepitans",0.529155569724476,2.29253475714054,5.25571561269743,NA,0
"Osteopilus_septentrionalis",-1.10866262452161,1.60743390173533,2.58384374844807,0.667829372575655,0
"Acris_crepitans",-2.6283444675231,0.185102569208122,0.0342629611274476,1.41463883412903,0
"Pseudacris_regilla",-2.06903947272503,0.917505255611185,0.841815894074146,1.33762918913861,0
"Pseudacris_crucifer",-2.11924077077158,0.154399735805085,0.0238392784166801,1.28647402583768,0
"Pseudacris_nigrita",-1.42937304329005,0,0,1.39871688111845,0
"Pseudacris_triseriata",-2.07172225825345,0.183526812304718,0.0336820908347312,1.4747630091075,0
"Smilisca_baudinii",0.0551003234545422,3.16547504814109,10.0202322804038,NA,0
"Smilisca_fodiens",-0.696428322944252,2.71568713581057,7.37495661960702,NA,0
"Hyla_squirella",-0.469897696388501,0.78845736036427,0.621665009112592,1.45861502269952,0
"Hyla_cinerea",-0.369576811893959,1.59948835306653,2.55836299159548,1.51512723296286,0
"Hyla_gratiosa",-0.166450421001989,2.38976166659841,5.71096082314321,1.86408013080768,0
"Hyla_versicolor",-0.497560875927618,2.04427848865896,4.17907453919376,2.27726728500976,0
"Hyla_chrysoscelis",-0.753130198755503,1.44555206896017,2.08962078407503,1.54115907168081,0
"Hyla_arenicolor",-1.17767657926635,1.21934408799319,1.48680000492394,NA,0
"Odontophrynus_americanus",-0.587599387979144,2.72260948905537,7.41260242989434,1.17711535015605,0
"Telmatobius_marmoratus",-0.906357531397541,2.91235066461494,8.48178639368308,NA,0
"Telmatobius_culeus",-0.278096758567648,4.80647704269313,23.1022215619361,NA,0
"Engystomops_pustulosus",-0.823186227119577,0.803517513908895,0.645640395158331,NA,0
"Leptodactylus_fuscus",-0.142796710428903,1.62924053973028,2.65442473630061,0.974559639998131,0
"Mannophryne_trinitatis",-1.21366447046336,0,0,1.09192330051731,0
"Silverstoneia_nubicola",-3.10257791324786,-1.29114949789832,1.66706702592308,NA,0
"Colostethus_inguinalis",-1.57389249408084,0.43817167738228,0.191994418860001,NA,0
"Hyloxalus_subpunctatus",-2.62997184370959,0.405465108108164,0.164401953893165,NA,0
"Dendrobates_auratus",-1.69870220274276,0.654071806281229,0.42780992777199,NA,0
"Bufo_marinus",1.77525323070527,5.00439922349705,25.0440115881379,NA,0
"Bufo_alvarius",2.0694979105769,5.01595445557386,25.1597991003913,1.73165554515835,0
"Bufo_boreas",0.550169053948115,3.61846733321996,13.09330584158,NA,0
"Bufo_cognatus",0.918195522559194,3.7436514532857,14.0149262036881,NA,0
"Bufo_debilis",-2.87535153647069,-0.415515443961666,0.17265308417066,NA,0
"Bufo_terrestris",1.7735997563537,3.90833802421699,15.2751061115404,1.6094379124341,0
"Bufo_woodhousii",0.685136904756457,3.79984312220737,14.4388077533867,NA,0
"Bufo_americanus",-0.0417055049106299,2.68351427039586,7.20124883941823,1.64209869467365,0
"Bufo_calamita",-0.677687465776806,2.16159590285833,4.67249684725392,NA,0
"Bufo_bufo",1.06702806883493,3.728032136107,13.8982236078465,NA,0
"Bufo_viridis",-0.133531392624523,3.55534806148941,12.6404998383365,1.70326972726797,0
"Acipenser_transmontanus",3.16930704573765,6.8204171704144,46.5180903784836,1.59229175359913,0
"Arapaima_gigas",4.42438593417146,7.74066440191724,59.9178853831088,-0.110931560707282,0
"Micropterus_salmoides",2.51531189105086,5.51985835238777,30.468836230425,-0.0366639843715915,0
"Lepomis_macrochirus",2.54356966041572,4.77068462446567,22.7594317861132,-0.065427805322455,0
"Lepomis_gibbosus",0.347115396719693,3.80488312987024,14.4771356319712,0.0723206615796261,0
"Balistes_capriscus",3.20507801674488,6.09942903191277,37.2030345153403,NA,0
"Chaenocephalus_aceratus",2.17299167011034,7.02997291170639,49.4205191393256,NA,0
"Sander_lucioperca",1.81480854672903,6.39692965521615,40.9207090137838,0.131028262406404,0
"Ophiodon_elongatus",3.39983674161212,7.63236550468518,58.2530031971083,NA,0
"Sebastolobus_altivelis",-2.65946896102193,3.54648600437796,12.5775629792487,NA,0
"Sebastes_diploproa",-1.88181817654089,0.693147180559945,0.480453013918201,NA,0
"Scorpaena_porcus",0.837247524533702,3.91202300542815,15.3039239949991,0.350656871613169,0
"Sarotherodon_galilaeus_galilaeus",3.09688741223044,5.64544689764324,31.8710706741097,NA,0
"Oreochromis_aureus",3.93938542532479,6.54678541076052,42.8603992145468,NA,0
"Oreochromis_niloticus_baringoensis",2.51385472045643,4.83354185560898,23.3631268699239,NA,0
"Tilapia_zillii",3.03305535526919,5.75257263882563,33.0920919649653,0.182321556793955,0
"Gambusia_affinis",-2.51642797544414,-1.51412773262978,2.2925827907186,-0.168418651624963,0
"Lipophrys_pholis",-1.3141504432018,0.694616282652608,0.482491780126128,-0.23572233352107,0
"Mugil_curema",2.51414613288286,4.9416424226093,24.4198298329319,-0.371063681390832,0
"Seriola_quinqueradiata",4.56571017553752,6.89669433162271,47.5643927038368,-0.186329578191493,0
"Microstomus_kitt",0.962371943442533,5.44977920051223,29.7000933343357,NA,0
"Hippoglossoides_platessoides",0.000413793005542784,5.70475457097368,32.5442247150451,-0.174353387144778,0
"Limanda_limanda",0.990819110505547,5.81223685446269,33.7820972523743,NA,0
"Pleuronectes_platessa",1.14176084770426,5.00830836677234,25.0831526966818,NA,0
"Pseudopleuronectes_americanus",0.892300133240089,3.67528060590197,13.5076875321192,-0.321583624127462,0
"Platichthys_flesus",1.08073541098627,5.97137754660664,35.6573498041179,NA,0
"Platichthys_stellatus",2.94552961200635,7.1225809809973,50.7311598308645,NA,0
"Channa_punctata",1.13742236622702,3.88120156371201,15.0637255781606,-0.415515443961666,0
"Rhinogobiops_nicholsii",-2.65416494411121,0.634810348547912,0.402984178623521,NA,0
"Gillichthys_mirabilis",-3.07054357078891,0.303285852296869,0.0919823082034382,NA,0
"Typhlogobius_californiensis",-4.39645347516376,0.305897892326964,0.0935735205300789,0.182321556793955,0
"Callionymus_lyra",0.733373519378246,4.61172605256523,21.2680171839089,NA,0
"Gadus_morhua",2.18656561370165,5.66136445285954,32.0510474681016,-0.407968238326283,0
"Melanogrammus_aeglefinus",0.895690679768485,5.04932164792803,25.4956491042346,NA,0
"Esox_lucius",1.43499008581464,6.39692965521615,40.9207090137838,0.113328685307003,0
"Thymallus_arcticus_arcticus",1.87506274905673,5.64544689764324,31.8710706741097,NA,0
"Oncorhynchus_mykiss",1.9544103065186,5.52943782071345,30.5746826131363,0.975188373121642,0
"Oncorhynchus_nerka",0.925701067171239,4.13048557743165,17.0609111053709,1.07272451771598,0
"Salmo_trutta_fario",1.68505486521259,5.44034549831834,29.5973591410726,NA,0
"Salmo_salar",0.95672890391739,4.00306753023233,16.0245496516004,1.27046254559477,0
"Salmo_trutta_trutta",2.02161951944479,5.99184781424107,35.9022402290255,NA,0
"Salvelinus_namaycush",0.243918939625847,3.73859497619723,13.9770923960472,1.11185751541813,0
"Salvelinus_alpinus_alpinus",2.0603561506188,5.34710753071747,28.5915589450555,NA,0
"Salvelinus_fontinalis",1.519613071729,5.19429490337088,26.9806995431847,1.16860466048814,0
"Cyclothone_acclinidens",-5.92002966449417,-0.754288168266371,0.568950640786637,NA,0
"Clarias_batrachus",1.61861077291076,3.85951401673252,14.8958484453548,0.0582689081239758,0
"Heteropneustes_fossilis",1.22972550457451,3.1743455516659,10.0764696813811,NA,0
"Ameiurus_nebulosus",1.8046673312695,4.53622435262015,20.5773313773041,0.0723206615796261,0
"Ictalurus_punctatus",0.35711861102608,2.39809659111281,5.75086726030688,0.0165293019512138,0
"Mystus_cavasius",2.18542668749456,3.18953210710847,10.1731150622758,NA,0
"Exodon_paradoxus",-1.22903265382059,1.39711776622067,1.95193805268943,0.53062825106217,0
"Leporinus_fasciatus",0.0179241871306793,1.70093191310266,2.89316937301107,NA,0
"Orthodon_microlepidotus",3.60523784575868,6.42283276983452,41.2527807892602,NA,0
"Leuciscus_idus",1.40934343862087,6.39692965521615,40.9207090137838,0.336472236621213,0
"Cyprinus_carpio_carpio",2.71493826121242,5.6964753135159,32.4498309974961,NA,0
"Labeo_rohita",1.6555462365157,2.15248597050361,4.63319585321487,NA,0
"Cirrhinus_cirrhosus",1.68273288443746,3.22439534614083,10.3967253482146,NA,0
"Catostomus_commersonii",0.998796599129419,4.5131111478258,20.3681722326295,NA,0
"Anguilla_japonica",2.35204926928613,5.78382518232974,33.4526337397516,NA,0
"Anguilla_anguilla",1.80560807976896,4.38202663467388,19.2021574269913,0.336472236621213,0
"Anguilla_rostrata",1.07885978610051,5.55927432692374,30.9055310419934,0.305030710786396,0
"Anguilla_australis_australis",2.37769256548085,6.5510803350434,42.9166535561923,NA,0
